country,ccode,rcode,srcode,cow,xdth,libdem,cpi,stfail,polity5,regime,polsys,fed,elesys,parorg,ctp,ctp1,ctp2,mog,mog6,gdppc,agr,sarsmers,airpm,smoke,sbpsev,prev509,hspbed,age65,temp,hlthsys,ppl,goveff,vax
Afghanistan,AFG,4,12,700,308.732196,19.2,19,1,-1,0,0,NA,0,0.4672,NA,NA,NA,Anarchic,Anarchic,2065.036235,25.77397074,0,21.82822595,0.099842677,7.218556505,2141.35488,0.45918801,1.996978724,12.90742509,23,0,-1.463065028,32.585
Albania,ALB,6,16,339,629.9158432,40.3,36,0,9,2,2,0,2,1.0918,3.0918,111.3048,111.3048,Centripetal,Centripetal,13656.59275,18.39124351,0,24.72756158,0.316201257,11.28830929,1597.027317,2.657323632,13.72867158,14.09834168,47.4,0,-0.062213201,105.9
Algeria,DZA,1,5,615,230.0596947,14.7,36,0,2,1,1,0,2,1.009,NA,NA,72.324,Centralized,Centralized,11521.98421,12.33621211,1,59.80681005,0.17388416,5.558972331,1787.759753,1.920222383,6.153935566,17.95173268,15,0,-0.51639986,34.817
Angola,AGO,1,3,540,93.92328392,21.2,27,0,-2,1,NA,NA,2,1.257,NA,NA,NA,Centralized,Centralized,6670.331458,6.660703804,0,22.39757665,0.101913871,9.507273321,1757.566201,0.809562393,2.129881433,23.19042471,23.1,0,-1.117539883,72.699
Argentina,ARG,2,8,160,377.8066132,67,42,0,9,3,0,2,2,0.9348,-1.0652,-44.7384,-44.7384,Decentralized,Somewhat decentralized,22066.10101,5.111016511,0,29.44374676,0.243252264,4.03588795,2973.096674,4.625394735,9.639292319,17.67170263,64.4,0,-0.086998366,242.617
Armenia,ARM,6,17,371,518.9829296,59.7,49,0,7,2,2,0,1,1.0475,2.0475,100.3275,100.3275,Centripetal,Centripetal,13653.76338,11.52561074,0,45.71856528,0.279252427,9.521760115,2387.997584,4.031697783,10.13928576,7.948689132,58.8,0,-0.0666463,72.6
Australia,AUS,4,14,900,90.810071,78.7,77,0,10,3,2,2,0,0.9639,-1.0361,-79.7797,-79.7797,Decentralized,Decentralized,49309.1124,2.116864006,0,20.36878258,0.153793757,6.438215199,3157.319054,3.823835053,15.38406648,17.81276327,69.2,0,1.571555257,253.136
Austria,AUT,6,18,305,272.6018616,75.8,76,0,10,3,2,2,2,1.1181,1.1181,84.9756,84.9756,Centripetal,Centripetal,55833.5599,1.071582724,1,30.35266453,0.311283177,8.167692154,3116.436299,7.38013211,16.5400161,9.060730472,54,0,1.527736902,228.7
Azerbaijan,AZE,6,17,373,402.1063631,6.6,30,0,-7,1,NA,NA,0,1.3223,NA,NA,NA,Centralized,Centralized,14442.04086,5.695258144,0,32.4833639,0.224206034,8.854632898,2357.902277,5.469980007,4.850467826,13.73861845,24.1,0,-0.140170261,136.1
Bahrain,BHR,5,15,692,338.9947955,4.8,42,0,-10,1,NA,0,0,0.8997,NA,NA,NA,Centralized,Centralized,45311.86412,0.281214887,0,82.7576901,0.162367655,8.340736125,2013.409361,2.079978076,3.297730606,28.78407482,41.2,0,0.298490554,204.319
Bangladesh,BGD,4,12,771,432.4695714,9.7,26,0,-6,1,2,0,0,1.3743,NA,NA,NA,Centralized,Centralized,4753.727027,12.68027557,0,33.21037593,0.230683015,4.929885872,2975.43153,0.461004243,7.298578372,25.47708412,25.6,0,-0.74028492,214.371
Barbados,BRB,2,6,53,165.9488219,68.4,64,NA,NA,3,2,0,0,1.0741,1.0741,68.7424,68.7424,Centripetal,Centripetal,15639.04784,1.301,0,45.60670014,0.090869814,6.956518616,1039.63047,6.421910062,14.20713083,26.76699562,12,0,0.631136179,132.584
Belarus,BLR,6,17,370,767.6258809,7.6,47,0,-7,1,NA,0,0,0.8782,NA,NA,NA,Centralized,Centralized,19279.20925,6.794668828,0,39.93062215,0.357815064,11.90911706,1765.17982,10.46492507,10.76698448,7.846950807,45.7,0,-0.184353247,199.7
Belgium,BEL,6,18,211,261.7504481,82.1,76,0,8,3,2,2,2,1.068,1.068,81.168,81.168,Centripetal,Centripetal,51944.16703,0.665864008,0,31.58110104,0.231570262,8.099927338,3927.746326,5.763635051,16.94429539,11.53529604,64.2,0,1.148131728,252.6
Benin,BEN,1,4,434,1.435562123,29.5,41,0,7,1,0,0,2,1.1887,NA,NA,48.7367,Centralized,Centralized,3287.309538,26.87580163,0,16.9881059,0.059623379,8.455417333,1928.04162,0.424518623,2.560326528,28.11707218,7.7,0,-0.44111827,34.913
Bhutan,BTN,4,12,760,155.7919572,45.8,68,0,7,2,2,0,0,1.0386,1.0386,70.6248,70.6248,Centripetal,Centripetal,11864.76625,15.78414914,0,39.99068329,0.100134272,6.671783823,3222.649643,1.464050514,6.07622853,14.11368253,37.7,0,0.312439144,260.68
Bolivia,BOL,2,8,145,508.3633806,23,31,0,7,1,0,0,2,1.0577,NA,NA,32.7887,Centralized,Centralized,8724.474186,12.22175758,0,29.61186215,0.127207385,4.672857966,1864.834905,1.045312413,5.96560134,16.78719537,17.2,0,-0.699322104,134.576
Bosnia and Herzegovina,BIH,6,16,346,804.1532141,34,35,0,-66,2,2,2,2,1.0938,1.0938,38.283,38.283,Centripetal,Somewhat centripetal,14896.79588,5.603092222,0,34.09538935,0.376136302,10.43013753,2257.85326,3.230707226,14.78373554,10.8639013,41.7,0,-0.634474218,58.7
Botswana,BWA,1,3,571,346.7069522,48.1,60,0,8,2,2,0,0,0.7134,0.7134,42.804,42.804,Centripetal,Somewhat centripetal,16347.91008,2.10151927,0,26.5257188,0.218381978,10.27084697,2265.912014,1.803539933,3.432279143,21.75813769,20.9,0,0.428257465,132.723
Brazil,BRA,2,8,140,393.9483678,51.1,38,0,8,2,0,2,0,0.8607,-3.1393,-119.2934,-119.2934,Decentralized,Decentralized,14763.8717,4.401763235,0,25.3777589,0.088010954,7.303098478,2655.463348,2.328411379,8.345823845,23.9194986,50.3,1,-0.186902717,235.533
Bulgaria,BGR,6,16,355,1080.414555,49.1,44,0,9,2,2,0,2,1.0181,3.0181,132.7964,132.7964,Centripetal,Centripetal,23265.87692,3.241381685,0,34.28161232,0.375070963,9.942822776,2624.620174,6.404546681,17.83209608,11.52677624,60.8,0,0.263389736,66.3
Burkina Faso,BFA,1,4,439,27.14177193,50.6,40,0,6,2,1,0,2,0.9505,1.9505,78.02,78.02,Centripetal,Centripetal,2175.50468,18.37610291,0,13.78699311,0.086803393,6.456073859,1451.966821,0.582958237,2.748340312,28.90701676,13.7,0,-0.758757353,24.484
Burundi,BDI,1,1,516,98.83761474,5.3,19,0,-1,1,0,NA,2,1.037,NA,NA,NA,Centralized,Centralized,751.6641528,28.89755838,0,13.40036258,0.104054165,8.216874284,1758.169136,1.019508809,2.602120511,20.9981449,9.1,0,-1.326444745,0.271
Cambodia,KHM,4,13,811,171.1029829,6.6,21,0,-4,1,2,0,2,1.282,NA,NA,NA,Centralized,Centralized,4388.800909,20.71187069,0,14.997523,0.214543019,3.945501963,2214.56413,0.595682864,4.291206572,27.95888944,12.3,0,-0.580049992,272.82
Cameroon,CMR,1,2,471,117.3407533,12.4,25,0,-4,1,NA,0,1,1.1071,NA,NA,NA,Centralized,Centralized,3742.856779,16.80228356,0,42.48479059,0.080620301,8.3008965,2216.017041,1.463440852,2.720221726,25.42198047,20.3,0,-0.812125802,16.017
Canada,CAN,3,9,20,112.0209302,73.6,77,0,10,3,2,2,0,0.7103,-1.2897,-99.3069,-99.3069,Decentralized,Decentralized,49181.77352,1.7,2,15.50061307,0.170826845,5.865313589,2646.536765,2.918555699,16.82634807,6.539633097,67.3,0,1.73129344,247.074
Cape Verde,CPV,1,4,402,158.1496508,69,58,0,10,3,1,0,2,0.948,1.948,112.984,112.984,Centripetal,Centripetal,7171.826425,4.632906038,0,33.14175832,0.062462503,12.01413972,1514.181598,1.76948129,4.703523104,22.9951682,23.1,0,0.292097002,154.669
Central African Republic,CAF,1,2,482,114.0300701,21.4,26,1,6,0,NA,NA,0,0.9605,NA,NA,NA,Anarchic,Anarchic,945.1420429,31.49073746,0,19.70773655,0.080350227,8.843339285,1917.831892,1.199776033,2.390651643,25.23184863,8.3,0,-1.746932626,50.876
Chad,TCD,1,2,483,109.0397262,9.3,21,0,-2,1,0,NA,1,1.1506,NA,NA,NA,Centralized,Centralized,1579.626101,42.59444912,0,18.4128842,0.093048619,7.217851214,1680.425461,0.469591563,2.862989383,27.99263922,10.2,0,-1.568413973,38.644
Chile,CHL,2,8,155,297.8664967,75.8,67,0,10,3,0,0,0,0.9994,-1.0006,-67.0402,-67.0402,Decentralized,Decentralized,24967.58021,3.610879391,0,38.47155704,0.344110321,7.676319681,2162.629697,2.105696478,10.53522226,12.23433642,52.9,0,1.060289383,336.694
China,CHN,4,11,710,52.18626082,4.3,42,0,-7,1,NA,1,NA,1.1286,NA,NA,NA,Centralized,Centralized,15977.64522,7.143691248,2,56.37768621,0.268767941,6.665502836,2404.418447,2.896496702,11.46328201,15.46406066,51.8,0,0.517000616,235.516
Colombia,COL,2,8,100,366.7306995,44.7,39,0,7,2,0,1,0,0.9803,-2.0197,-78.7683,-78.7683,Decentralized,Decentralized,14585.30249,6.392308497,0,29.95930915,0.121858547,7.508132564,2467.49375,1.54454548,8.46183151,21.01543121,48.5,0,0.070711903,177.291
Comoros,COM,1,3,581,115.6448093,17.3,21,0,-3,1,NA,2,0,0.8997,NA,NA,NA,Centralized,Centralized,3058.818229,35.69356938,0,11.96382783,0.129159602,8.753549394,1474.999731,2.158091808,4.835390479,25.99055518,14,0,-1.669250607,96.023
"Congo, Dem. Rep.",COD,1,2,490,141.4231158,15.7,18,1,-3,0,NA,NA,1,1.1121,NA,NA,NA,Anarchic,Anarchic,1097.94884,19.96523354,0,18.05407776,0.114043812,8.010107853,1998.784449,1.056486343,2.320443225,23.70131218,16.2,0,-1.626919508,11.152
"Congo, Rep.",COG,1,2,484,165.1495873,11.9,19,0,-4,1,NA,NA,0,1.1082,NA,NA,NA,Centralized,Centralized,3825.70148,7.625380487,0,35.65564028,0.110807379,9.96388596,2069.350868,1.897484529,2.960393714,25.22713774,8.2,0,-1.387316108,15.1
Costa Rica,CRI,2,7,94,165.7735489,84.9,57,0,10,3,0,0,2,0.7958,0.7958,45.3606,45.3606,Centripetal,Somewhat centripetal,20937.53823,4.317946437,0,30.71390045,0.11083943,8.570588899,2092.855432,1.176978992,8.780951163,23.88990598,32.8,0,0.42255947,250.843
Croatia,HRV,6,16,344,637.9782508,64.1,47,0,9,3,2,0,2,1.0888,3.0888,145.1736,145.1736,Centripetal,Centripetal,29336.08545,2.868764094,0,34.87644547,0.358350892,9.844743083,2655.734458,5.633235904,17.12662076,12.50897104,51.4,0,0.459212482,132
Cuba,CUB,2,6,40,571.6555778,8.5,47,0,-5,1,NA,0,NA,1.314,NA,NA,NA,Centralized,Centralized,NA,3.567699269,0,38.34306591,0.2352353,5.302331153,2641.232552,4.957992764,13.94243389,26.17192872,19.5,0,-0.172788531,335.502
Cyprus,CYP,6,19,352,214.4886586,72.4,57,0,10,3,0,0,2,1.0141,1.0141,57.8037,57.8037,Centripetal,Centripetal,41521.92342,1.808605246,0,38.36804629,0.329135784,8.058904748,2798.816318,3.660308243,13.72963261,19.78455024,32.3,0,0.99218154,208.9
Czech Republic,CZE,6,16,316,459.2459548,70.8,54,0,9,3,2,0,2,0.9693,2.9693,160.3422,160.3422,Centripetal,Centripetal,40981.05651,1.861218013,0,35.68471666,0.287287057,8.999737289,2569.851295,6.608311463,17.26297194,9.2555394,55.8,0,0.955327392,173.9
Denmark,DNK,6,18,390,97.30384227,87.8,88,0,10,3,2,0,2,1.042,3.042,267.696,267.696,Centripetal,Centripetal,57161.68639,1.222028102,0,26.25824807,0.22619135,9.006290824,4299.451209,3.14649511,18.13605916,8.974072261,64.5,0,1.910211086,259.7
Djibouti,DJI,1,1,522,157.7145742,12.5,27,0,3,1,0,0,1,1.0808,NA,NA,2.1816,Centralized,Centralized,5534.766172,1.271718563,0,40.84301441,0.248209361,8.742445656,1460.349816,1.425138975,3.243229925,28.88586093,14,0,-0.713408887,34.216
Dominican Republic,DOM,2,6,42,57.76206298,34.4,28,0,7,2,0,0,2,0.8958,0.8958,25.0824,25.0824,Centripetal,Somewhat centripetal,18412.89999,5.227288926,0,24.02539503,0.114747855,5.995177489,1316.296407,1.387582985,6.856505726,25.1086446,16.8,0,-0.358090967,146.629
Ecuador,ECU,2,8,130,438.6552232,48.5,39,0,5,2,0,0,2,0.9363,0.9363,36.5157,36.5157,Centripetal,Somewhat centripetal,11370.6033,8.800531143,0,31.42288861,0.146857022,5.00328311,1445.095076,1.463794117,6.945241322,20.5416929,56.7,0,-0.399610102,223.454
Egypt,EGY,1,5,651,297.5318608,12.2,33,0,-4,1,NA,0,1,1.0831,NA,NA,NA,Centralized,Centralized,11763.25328,11.04897589,0,86.09774248,0.231077938,8.197533897,2731.039897,1.369031753,4.942973456,22.31912508,18.8,0,-0.424406111,99.094
El Salvador,SLV,2,7,92,382.3792757,38.3,36,0,8,2,0,0,2,1.0088,1.0088,36.3168,36.3168,Centripetal,Somewhat centripetal,8776.119516,4.867816301,0,32.67454197,0.098897441,6.8315368,1630.946745,1.034027238,7.632596246,25.32461485,38.4,0,-0.465418339,174.882
Equatorial Guinea,GNQ,1,2,411,154.386357,5.6,16,0,-6,1,NA,0,2,1.2853,NA,NA,NA,Centralized,Centralized,18502.56396,2.430417558,0,39.57717171,0.149462872,9.971084881,1850.124879,1.714364106,1.900306076,24.8275255,8.3,0,-1.343200088,34.836
Eritrea,ERI,1,1,531,77.15073196,1.2,21,0,-7,1,NA,0,0,1.3094,NA,NA,NA,Centralized,Centralized,NA,11.7,0,23.36437004,0.065196726,5.814406496,1814.40833,0.890613248,2.010303183,25.37006244,8.6,0,-1.757076859,NA
Estonia,EST,6,16,366,419.3152603,83.2,75,0,9,3,2,0,2,1.042,3.042,228.15,228.15,Centripetal,Centripetal,36399.92922,2.511173798,0,14.83021434,0.252054558,10.71724067,1380.845929,4.990792063,14.58432257,6.148580871,49.4,0,1.174427509,165
Eswatini,SWZ,1,3,572,393.7154763,12,33,0,-9,1,NA,NA,0,0.6548,NA,NA,NA,Centralized,Centralized,8652.922717,8.542649141,0,19.04881793,0.086182105,9.68568027,2476.737407,2.037922604,3.261206989,20.62319113,11.8,0,-0.678948641,70.748
Ethiopia,ETH,1,1,530,196.4525708,16.3,38,0,1,1,2,2,0,1.1941,NA,NA,-30.6242,Centralized,Centralized,2221.404665,33.521072,0,15.8817891,0.058853834,5.560376285,1182.153293,0.206082678,3.039936868,20.03556414,28.2,0,-0.634380758,45.675
Fiji,FJI,4,14,950,136.2733957,27.9,55,0,4,1,2,0,2,1.227,NA,NA,177.485,Centralized,Centralized,13684.2917,11.84911781,0,15.43805744,0.286811455,8.746927899,668.5411405,2.105105197,5.135551117,24.77010509,10.1,0,0.199617803,173.141
Finland,FIN,6,18,375,228.4905571,83.7,85,0,10,3,2,0,0,0.9991,0.9991,84.9235,84.9235,Centripetal,Centripetal,48582.58759,2.349365442,0,13.34542759,0.214896432,9.687495089,2199.598595,4.999857431,19.94700507,4.703859449,68.7,0,2.006594181,239.3
France,FRA,6,18,220,206.9685637,79.6,69,0,10,3,1,1,0,1.0455,-0.9545,-65.8605,-65.8605,Decentralized,Decentralized,46017.76596,1.522459269,1,29.45918238,0.340201985,7.140358604,1966.723826,6.399753223,17.8802258,12.51311104,70.4,0,1.372140288,234
Gabon,GAB,1,2,481,143.0961151,20.7,30,0,3,1,1,0,0,1.1223,NA,NA,3.669,Centralized,Centralized,14945.85929,5.55443087,0,55.4439379,0.123540099,9.292095321,1636.885666,1.743087062,4.270787571,25.76973311,11.7,0,-0.897824049,25.73
Gambia,GMB,1,4,420,102.6278113,41.9,37,0,4,2,0,0,0,0.9653,-1.0347,-38.2839,-38.2839,Decentralized,Somewhat decentralized,2224.909842,20.01595623,0,15.87087032,0.122004513,10.33123884,2004.446465,0.99206885,3.153312639,27.89141965,15.5,0,-0.631104708,33.76
Georgia,GEO,6,17,372,652.5359209,50.6,56,0,7,2,1,0,1,1.2234,1.2234,68.5104,68.5104,Centripetal,Centripetal,14989.25816,6.504589187,0,27.64969279,0.288811166,9.78638496,2373.068668,2.826359217,11.98623168,10.41309803,33.7,0,0.828739882,68.4
Germany,DEU,6,18,255,241.233609,83.3,80,0,10,3,2,2,2,1.0573,1.0573,84.584,84.584,Centripetal,Centripetal,53929.63929,0.778988585,1,29.80805797,0.265430727,7.111265442,3433.364539,7.993736276,18.86413358,10.26553989,56,0,1.531162262,232
Ghana,GHA,1,4,452,43.69485408,59.6,43,0,8,2,0,0,0,0.8493,-1.1507,-49.4801,-49.4801,Decentralized,Somewhat decentralized,5540.045627,17.32323,0,24.77043971,0.059575463,8.279669324,1734.288427,0.858526731,3.360386574,27.76498307,22.7,0,-0.210643277,72.038
Greece,GRC,6,19,350,381.1076936,74.4,50,0,10,3,2,0,0,1.0271,1.0271,51.355,51.355,Centripetal,Centripetal,29698.03048,3.779625017,1,36.41903485,0.380836575,5.57404613,2824.210989,4.325299756,20.36099899,15.9238755,46.2,0,0.349024355,204.9
Guatemala,GTM,2,7,90,285.8369329,40.5,25,0,8,2,0,0,2,0.928,0.928,23.2,23.2,Centripetal,Somewhat centripetal,8653.308195,9.434214174,0,21.24801591,0.119411491,7.26751449,1215.246639,0.628608528,4.887886483,22.01740077,16.8,0,-0.67697829,112.204
Guinea,GIN,1,4,438,65.0546152,13.7,28,0,4,1,0,0,1,0.8589,NA,NA,-3.9508,Centralized,Centralized,2567.033987,24.18860166,0,9.755890759,0.146975018,7.487542617,1979.373527,0.367939731,3.621655615,26.51786791,20.3,0,-0.778966725,66.62
Guinea-Bissau,GNB,1,4,404,128.4670993,34.7,19,0,6,2,0,0,2,1.0344,1.0344,19.6536,19.6536,Centripetal,Somewhat centripetal,1939.28951,30.39657945,0,11.81790867,0.045308009,9.171238062,2031.753005,0.987571211,2.423902958,27.82712238,7.2,0,-1.515093207,34.202
Guyana,GUY,2,8,110,476.8284902,40.4,41,0,7,2,1,0,2,1.2401,2.2401,91.8441,91.8441,Centripetal,Centripetal,13082.18148,17.59533673,0,34.92038925,0.143704293,6.346031465,1302.947625,2.031498914,5.607589529,26.99200707,18.5,0,-0.386811763,121.249
Haiti,HTI,2,6,41,164.7766891,23.5,18,1,5,0,0,0,0,0.9226,NA,NA,NA,Anarchic,Anarchic,3073.32914,19.48619836,0,8.594797811,0.061654298,5.834172222,1810.236805,0.87171484,4.178525638,25.46495442,11.9,0,-2.014909506,4.523
Honduras,HND,2,7,91,254.5706536,23,24,0,7,1,0,0,2,0.7634,NA,NA,18.3216,Centralized,Centralized,5736.181633,10.75365045,0,17.79576233,0.140846597,6.816870959,2254.90709,0.728202913,5.243461129,23.82629036,18.9,0,-0.611998796,171.516
Hungary,HUN,6,16,310,497.6005311,36.8,44,0,10,2,2,0,2,1.2811,3.2811,144.3684,144.3684,Centripetal,Centripetal,32553.69447,3.342481824,0,30.50055236,0.302402983,12.01048753,3465.610846,6.870191949,16.02860077,11.34663624,54.6,1,0.496053159,169.5
Iceland,ISL,6,18,395,65.17825088,79,75,0,NA,3,2,0,2,0.7837,2.7837,208.7775,208.7775,Centripetal,Centripetal,56935.77273,4.375656398,0,15.36471312,0.154704187,6.959273402,2938.183988,3.767915064,13.95387206,4.416112577,52.2,0,1.517939806,237.6
India,IND,4,12,750,385.498601,34,40,0,9,1,2,2,0,1.1091,NA,NA,-35.636,Centralized,Centralized,6713.932211,16.6774624,0,53.59340064,0.131761963,6.924327506,3395.14348,0.47365554,6.11090646,26.19036288,46.1,1,0.170880944,159.79
Indonesia,IDN,4,13,850,287.474616,44.8,37,0,9,2,0,1,2,1.0172,0.0172,0.6364,0.6364,Centripetal,Somewhat centripetal,11811.97556,12.71270046,0,21.32685078,0.309691206,11.24657539,2359.150825,0.705858117,5.655427394,26.67678408,41.2,0,0.182051226,162.437
Iran,IRN,5,15,630,321.2391916,14.2,25,0,-7,1,NA,0,0,0.8184,NA,NA,NA,Centralized,Centralized,12389.22335,12.18187982,1,61.07082564,0.149466819,6.844337175,2055.50755,1.509105019,6.401950529,16.20121939,39.4,0,-0.55372566,184.553
Iraq,IRQ,5,15,645,292.6519075,22,21,1,6,0,2,1,0,0.9375,NA,NA,NA,Anarchic,Anarchic,10935.57879,3.746578366,0,76.2218565,0.208520489,10.4196112,1053.46097,1.243449693,3.704617522,22.9746843,20.2,0,-1.336642623,48.623
Ireland,IRL,6,18,205,138.2522561,81.7,72,0,10,3,2,0,0,1.0865,1.0865,78.228,78.228,Centripetal,Centripetal,86650.00466,0.902898141,0,21.87745869,0.223457289,9.245486078,3656.141896,3.394612071,13.58267432,10.03549646,51.7,0,1.291791558,247.6
Israel,ISR,5,15,666,148.0408405,64.8,60,0,6,3,2,0,2,0.9614,2.9614,177.684,177.684,Centripetal,Centripetal,40626.21527,1.132330651,0,43.36082987,0.206376097,7.883125203,2256.054223,3.074965115,10.82653392,20.29409461,55.2,1,1.325324774,173.6
Italy,ITA,6,19,325,450.8015609,78.5,53,0,10,3,2,2,1,0.9324,-0.0676,-3.5828,-3.5828,Decentralized,Somewhat decentralized,42708.03445,1.90838119,0,36.56087865,0.231629224,7.181950827,2287.077914,3.790237663,20.41902126,14.01065331,40.2,0,0.483174384,251.6
Ivory Coast,CIV,1,4,437,49.85144725,31.2,36,0,4,2,0,0,1,0.867,-0.133,-4.788,-4.788,Decentralized,Somewhat decentralized,5212.554021,20.67122108,0,13.80870662,0.13110962,9.97800162,1697.73067,0.54087736,2.624629042,27.10369655,17.1,0,-0.482783496,92.036
Jamaica,JAM,2,6,51,284.0857641,69.8,44,0,9,3,2,0,0,0.9676,0.9676,42.5744,42.5744,Centripetal,Somewhat centripetal,9777.005686,7.019602139,0,26.57457788,0.133840809,7.114754039,1833.320302,1.768646187,8.685284398,25.42408403,19.3,0,0.493984103,51.029
Japan,JPN,4,11,740,116.2139787,73.1,74,0,10,3,2,1,1,1.0159,1.0159,75.1766,75.1766,Centripetal,Centripetal,42022.48962,1.007060811,0,29.48237346,0.219091038,6.732626246,1354.186408,13.12692125,25.51433194,13.90008048,51.6,0,1.586322188,294.103
Jordan,JOR,5,15,663,157.5739547,24.2,49,0,-3,1,NA,0,2,0.9624,NA,NA,NA,Centralized,Centralized,10071.37989,4.912643745,1,56.57003405,0.34300618,7.197069367,1602.290091,1.668569835,3.663325001,19.03177623,47.1,0,0.09867201,98.577
Kazakhstan,KAZ,4,10,705,425.152979,12.9,38,0,-6,1,NA,0,2,1.2159,NA,NA,NA,Centralized,Centralized,26351.80444,4.466335958,0,24.7819542,0.245839681,7.580674424,3052.580605,6.519529569,5.301117566,7.991487069,34.6,0,0.124096215,178.8
Kenya,KEN,1,1,501,145.2162473,36.7,31,0,9,2,0,0,0,0.8487,-1.1513,-35.6903,-35.6903,Decentralized,Somewhat decentralized,4452.772887,21.16950318,0,18.62276655,0.106844397,8.522159007,1730.37716,1.392505253,2.954604154,21.80466062,21.5,0,-0.383390188,43.019
Kosovo,XKX,6,16,347,301.2694077,43,36,0,8,2,2,0,0,1.1124,1.1124,40.0464,40.0464,Centripetal,Somewhat centripetal,11318.46225,7.238669919,0,NA,NA,NA,NA,NA,NA,NA,NA,0,-0.349896669,102.3
Kuwait,KWT,5,15,690,184.8464354,28.8,42,0,-7,1,NA,0,0,0.7698,NA,NA,NA,Centralized,Centralized,49853.73634,0.384579812,1,76.89545696,0.202987892,7.024631964,1023.088651,2.128603078,4.052367767,27.1745402,42.5,0,0.018212369,193.372
Kyrgyzstan,KGZ,4,10,703,217.625468,29.1,31,0,8,1,1,0,2,1.1129,NA,NA,65.4999,Centralized,Centralized,5258.366696,11.66510823,0,27.48514854,0.233555087,5.934716201,2955.619735,4.835257271,3.839074572,5.691518421,40.4,0,-0.681620181,47
Laos,LAO,4,13,812,242.37579,9,29,0,-7,1,NA,0,0,1.1601,NA,NA,NA,Centralized,Centralized,7886.652814,15.16733022,0,16.25525117,0.278899165,7.120824542,2741.774293,0.971510512,4.080535845,24.63613506,22,0,-0.785342813,206.904
Latvia,LVA,6,16,367,573.0649406,73.6,57,0,8,3,2,0,2,1.0507,3.0507,173.8899,173.8899,Centripetal,Centripetal,31012.1351,3.99516798,0,29.13201199,0.337220141,10.97504846,1293.33979,6.307978414,14.71813725,7.110060765,60.6,0,1.104713202,155.9
Lebanon,LBN,5,15,660,324.8899027,28.6,25,0,6,1,1,0,1,1.2496,NA,NA,31.24,Centralized,Centralized,14563.68296,3.075363001,0,54.42451847,0.358351306,8.125534792,2723.117737,3.08353995,4.529233677,17.54408616,21.6,0,-0.833451807,85.192
Lesotho,LSO,1,3,570,134.0480178,49.7,41,0,8,2,2,0,2,0.9429,2.9429,120.6589,120.6589,Centripetal,Centripetal,2583.924371,4.731201111,0,20.70930117,0.212142723,8.428483911,2815.338876,1.268301517,4.435204715,14.20181402,27.2,0,-0.832648158,58.793
Liberia,LBR,1,4,450,60.60424123,47.7,28,0,7,2,0,0,0,0.9136,-1.0864,-30.4192,-30.4192,Decentralized,Somewhat decentralized,1469.763959,36.43715132,0,6.965444257,0.082646517,10.00298078,1520.435548,0.721055587,2.990416102,26.3150879,36.4,0,-1.37494266,88.196
Libya,LBY,1,5,620,457.2457902,15.3,17,1,-77,0,NA,NA,1,0.7658,NA,NA,NA,Anarchic,Anarchic,15174.16252,4.089,0,68.38092124,0.206812717,11.0288376,2460.98036,4.257148505,5.060043304,21.10790284,13,0,-1.922290802,54.417
Lithuania,LTU,6,16,368,887.7168693,76,60,0,10,3,1,0,1,0.8811,0.8811,52.866,52.866,Centripetal,Centripetal,37166.21008,3.106485957,0,29.36450037,0.286087496,12.76574909,1544.905727,7.010268702,14.55131289,7.62276567,59.9,0,1.043069243,162.1
Luxembourg,LUX,6,18,212,46.23639546,78.3,80,0,10,3,2,0,0,1.0098,1.0098,80.784,80.784,Centripetal,Centripetal,116518.2768,0.218743042,0,26.77506816,0.23787093,9.118854473,3361.994433,4.820181443,13.07621123,10.71629937,36.7,0,1.733295798,213.4
Madagascar,MDG,1,3,580,125.1333284,26.9,25,0,6,1,1,0,1,0.9727,NA,NA,24.3175,Centralized,Centralized,1618.617973,22.95625201,0,8.648871014,0.136059363,8.025690949,2171.045673,0.35583248,2.503106843,22.14177511,15.8,0,-1.142614841,9.08
Malawi,MWI,1,3,553,115.4506318,44.9,30,0,6,2,0,0,0,0.9464,-1.0536,-31.608,-31.608,Decentralized,Somewhat decentralized,1537.141177,23.00254031,0,9.604685204,0.128594986,12.46614859,1492.501562,1.184062418,2.905979269,22.41789818,22.3,0,-0.749698818,35.946
Malaysia,MYS,4,13,820,112.0530591,28.4,51,0,7,1,2,2,0,1.0183,NA,NA,-50.0667,Centralized,Centralized,28421.46324,7.239764281,1,34.93145883,0.224675935,9.862728078,2057.230399,1.770192586,6.69109476,26.68288207,36.6,0,0.997467577,223.996
Maldives,MDV,4,12,781,227.7713436,43.9,43,NA,NA,2,0,0,0,1.0394,-0.9606,-41.3058,-41.3058,Decentralized,Somewhat decentralized,19510.49184,4.606999863,0,16.41778635,0.31435767,8.334422603,3199.877144,2.801892237,3.541408505,6.756560502,18.8,0,-0.196180224,176.011
Mali,MLI,1,4,432,61.20754659,31.7,30,1,5,0,NA,0,1,0.8452,NA,NA,NA,Anarchic,Anarchic,2321.702199,37.30779732,0,11.88816625,0.122067979,6.547372237,2326.897887,0.259969186,3.135117949,28.89948395,17.3,0,-1.05611515,23.273
Malta,MLT,6,19,338,182.3011209,61.2,53,NA,NA,3,2,0,0,1.1701,1.1701,62.0153,62.0153,Centripetal,Centripetal,43950.61856,0.711852931,0,33.46168676,0.244934428,8.807351325,2329.091491,5.005315846,18.93009475,19.71331768,26.4,0,0.858118594,248.7
Mauritania,MRT,1,4,435,150.3580751,18.5,29,0,-2,1,NA,0,1,1.292,NA,NA,NA,Centralized,Centralized,5343.997921,21.67694751,0,31.48914289,0.183054961,8.813559601,1715.339933,0.45196904,4.233599943,29.04621341,21,0,-0.498379081,87.457
Mauritius,MUS,1,3,590,192.2459543,50.4,53,0,10,2,2,0,1,1.2351,2.2351,118.4603,118.4603,Centripetal,Centripetal,22869.75631,2.897919535,0,32.44879267,0.23119991,7.546096712,1984.592248,2.783700406,10.31519636,24.16131329,23.1,0,0.870399117,205.465
Mexico,MEX,2,7,70,526.9476097,40.7,31,0,8,2,0,2,1,1.0202,-1.9798,-61.3738,-61.3738,Decentralized,Decentralized,19677.27534,3.3935732,0,33.37449407,0.176641074,6.033883978,2247.205674,1.535039536,7.277749306,20.60311823,54.7,1,-0.156786993,174.558
Moldova,MDA,6,17,359,597.6277948,46.7,34,0,9,2,2,0,1,1.0686,2.0686,70.3324,70.3324,Centripetal,Centripetal,13026.51602,10.17111872,0,31.1681473,0.235850502,12.13486777,1930.88724,5.641574325,11.35887586,11.12888833,48.3,0,-0.383752942,56.4
Mongolia,MNG,4,11,712,48.57835027,50.3,35,0,10,2,1,0,1,0.9232,0.9232,32.312,32.312,Centripetal,Somewhat centripetal,12486.07746,11.55838286,0,37.92050701,0.292181389,9.4068092,1266.198357,5.618957315,3.235747177,0.241524924,24.3,0,-0.195434153,172.861
Montenegro,MNE,6,16,341,641.8097646,34.7,45,0,9,1,1,0,2,1.174,NA,NA,97.83,Centralized,Centralized,21533.93209,6.393841926,0,30.98918173,0.349645509,9.498522586,1245.21266,3.812713257,12.97033439,10.85352088,41.7,0,0.155442879,83.4
Morocco,MAR,1,5,600,169.6828336,25.7,40,0,-4,1,NA,1,2,0.8867,NA,NA,NA,Centralized,Centralized,7546.754734,12.14592915,0,54.26376431,0.117218948,10.36794983,1896.680268,0.920379029,7.047830517,18.63283024,30.8,0,-0.11948017,150.021
Mozambique,MOZ,1,3,541,175.8506857,25.4,25,0,5,1,1,0,2,1.0906,NA,NA,52.265,Centralized,Centralized,1281.780014,24.21143333,0,8.502876848,0.140681196,12.59909319,1557.684438,0.702780655,2.408946067,24.3260238,24,0,-0.823048294,93.233
Myanmar,MMR,4,13,775,255.3436022,27.1,28,0,8,1,1,0,0,1.0997,NA,NA,2.7916,Centralized,Centralized,4739.710438,21.35405077,0,25.13455856,0.239038538,7.772908505,3963.725742,0.563304967,5.650287316,25.74058964,19.5,0,-1.149439931,118.637
Namibia,NAM,1,3,565,402.1373128,52.4,51,0,6,2,1,0,2,0.9857,1.9857,101.2707,101.2707,Centripetal,Centripetal,9812.608038,7.110486977,0,25.0112594,0.166926941,8.475413811,2191.495765,2.661365872,3.707843464,21.39390325,16.8,0,0.09591531,38.449
Nepal,NPL,4,12,790,346.0152793,44.6,33,0,7,2,2,2,1,1.2264,0.2264,7.4712,7.4712,Centripetal,Somewhat centripetal,3952.760349,21.58337276,0,49.33032997,0.217723567,4.887466702,3651.03209,0.205126366,6.224883438,20.8454517,37.9,0,-1.045521259,208.633
Netherlands,NLD,6,18,210,262.2005881,82.5,82,0,10,3,2,1,2,1.1489,2.1489,176.2098,176.2098,Centripetal,Centripetal,56784.03725,1.635805696,0,30.34179336,0.227159646,8.423998549,3863.796526,3.92274466,17.9546709,11.18214276,66.7,0,1.803272367,207.4
New Zealand,NZL,4,14,920,-4.400422589,84.6,88,0,10,3,2,0,2,1.125,3.125,275,275,Centripetal,Centripetal,42877.94291,5.653,0,13.40881528,0.167515714,6.453237392,3384.321173,3.027567577,15.95280223,13.49244648,48.9,0,1.670557261,248.256
Nicaragua,NIC,2,7,93,197.407478,6.2,22,0,6,1,0,0,2,1.2001,NA,NA,26.4022,Centralized,Centralized,5451.665386,15.42769854,0,17.36820363,0.131963162,8.885898843,1773.390963,0.908078234,5.433940215,25.45046846,47.5,1,-0.770851433,184.017
Niger,NER,1,4,436,49.126181,38.9,32,0,5,2,1,0,2,0.9494,1.9494,62.3808,62.3808,Centripetal,Centripetal,1224.375135,36.91488244,0,20.49698004,0.076941904,7.843709027,1718.543056,0.209741657,2.35508567,29.0565033,24,0,-0.8012532,29.693
Nigeria,NGA,1,4,475,50.36814473,35.9,25,0,7,2,0,2,0,0.8182,-3.1818,-79.545,-79.545,Decentralized,Decentralized,5135.499469,21.90629593,0,38.56766139,0.040821557,9.966456351,1355.992896,0.945514522,2.751899973,27.28077269,23.4,0,-1.088862658,52.417
North Korea,PRK,4,11,731,NA,1.5,18,0,-10,1,NA,0,0,1.4264,NA,NA,NA,Centralized,Centralized,NA,NA,0,21.72810253,0.241501743,6.737637289,3718.480413,13.0735269,7.193184489,8.654451039,7,0,-1.396964788,NA
North Macedonia,MKD,6,16,343,862.5187124,42.8,35,0,9,2,2,0,2,1.1782,3.1782,111.237,111.237,Centripetal,Centripetal,16773.04057,8.132291394,0,40.90015233,0.392332028,9.385055489,1966.799999,4.387841761,12.5439275,10.78038812,38.3,0,-0.00266395,89.4
Norway,NOR,6,18,385,129.2804319,85.5,84,0,10,3,2,0,2,0.9545,2.9545,248.178,248.178,Centripetal,Centripetal,64385.00599,1.844122213,0,17.27461588,0.18415586,9.245464926,3705.180592,3.904459949,15.85428371,5.364015711,45,0,1.861934543,229.2
Oman,OMN,5,15,698,95.10179758,13.9,54,0,-8,1,NA,0,0,0.6349,NA,NA,NA,Centralized,Centralized,31284.01636,1.994719339,1,62.36802555,0.111571016,11.97866541,1281.207118,1.772946257,1.619236483,26.61875675,28.6,0,0.259041101,138.762
Pakistan,PAK,4,12,770,338.1605944,25,31,0,7,1,2,2,0,1.0325,NA,NA,-29.9925,Centralized,Centralized,4697.726579,21.97285098,0,40.68185522,0.144428051,7.079555397,2598.589482,0.579972931,3.453690461,24.37484706,26.8,0,-0.677135587,150.791
Panama,PAN,2,7,95,215.828675,55.8,35,0,9,2,0,0,1,0.8738,-0.1262,-4.417,-4.417,Decentralized,Somewhat decentralized,31440.26352,2.186921442,0,22.38285413,0.084994068,7.029369984,1584.030781,2.058228248,8.284833696,25.82659261,55,0,0.064511821,202.102
Papua New Guinea,PNG,4,14,910,31.88214199,33.6,27,0,5,1,2,0,0,0.7266,NA,NA,19.6182,Centralized,Centralized,4293.129619,16.97614342,0,6.779767011,0.295372982,4.535679221,3110.767338,3.94808156,2.990071225,23.68662073,16.1,0,-0.809174836,5.712
Paraguay,PRY,2,8,150,363.5431912,42.6,28,0,9,2,0,0,2,0.7891,0.7891,22.0948,22.0948,Centripetal,Somewhat centripetal,12615.52865,9.999861298,0,15.03858632,0.165001581,7.465973654,1741.947408,1.146052357,6.007877705,23.22117291,40,0,-0.534344256,133.732
Peru,PER,2,8,135,588.242443,69.1,38,0,9,3,0,1,2,0.8804,-0.1196,-4.5448,-4.5448,Decentralized,Somewhat decentralized,12853.69207,6.746179552,0,30.98307737,0.056856326,5.133573807,1250.730659,1.390927374,7.69052578,17.19216736,71.7,0,-0.06787055,263.945
Philippines,PHL,4,13,840,220.3089572,28,34,0,8,1,0,0,1,0.8759,NA,NA,-4.2194,Centralized,Centralized,8914.723798,8.820323747,1,18.30235087,0.247159122,5.81097453,2369.234429,0.646802084,4.293182249,26.58083027,46.5,1,0.052008402,155.149
Poland,POL,6,16,290,474.8645422,48.7,56,0,10,2,1,0,2,1.0239,2.0239,113.3384,113.3384,Centripetal,Centripetal,33185.15813,2.316720006,0,39.57902381,0.280590113,8.286489957,2210.298523,6.125163884,14.56056312,9.186247738,52.7,1,0.534801006,152.9
Portugal,PRT,6,19,235,351.4295613,79.2,61,0,10,3,1,0,2,0.9623,1.9623,119.7003,119.7003,Centripetal,Centripetal,34945.66151,2.088548542,0,20.59578331,0.277134887,6.989549767,2692.976949,3.400980585,19.64730468,16.51688521,53.9,0,1.168681502,268.4
Qatar,QAT,5,15,694,51.37568579,9.5,63,0,-10,1,NA,0,NA,0.929,NA,NA,NA,Centralized,Centralized,89966.44972,0.260005311,1,90.2674344,0.175120121,7.696121874,1754.908177,1.570655882,1.299587838,28.59011391,42.4,0,0.704913795,263.982
Romania,ROU,6,16,360,662.2982074,55.2,44,0,9,2,1,0,2,1.0846,2.0846,91.7224,91.7224,Centripetal,Centripetal,29875.06277,4.123626547,0,28.01593024,0.309314402,11.05455676,2329.31268,5.938997369,15.89653143,11.43946478,47.9,0,-0.162179321,83.3
Russia,RUS,6,17,365,933.0480917,10.4,30,0,4,1,1,2,1,1.0825,NA,NA,-27.525,Centralized,Centralized,27210.546,3.495566547,0,33.95055923,0.297008915,8.673903907,1823.835278,8.79661719,10.68729474,5.501328687,58.9,0,0.150180608,126.3
Rwanda,RWA,1,1,517,122.4364065,10.7,54,0,-3,1,NA,0,2,1.0126,NA,NA,NA,Centralized,Centralized,2227.517033,23.5436567,0,19.28450419,0.146110683,6.792957741,1806.057684,1.312945596,2.795815498,19.58907517,18.5,0,0.184568107,201.56
Sao Tome and Principe,STP,1,2,403,99.9349305,58.7,47,NA,NA,2,1,0,2,1.0102,2.0102,94.4794,94.4794,Centripetal,Centripetal,4005.341623,12.28981199,0,20.90514063,0.047715587,12.98508766,3391.957503,2.662359763,3.617311024,24.11422909,25.2,0,-0.627701879,104.167
Saudi Arabia,SAU,5,15,670,157.3822189,4.7,53,0,-10,1,NA,0,NA,0.9647,NA,NA,NA,Centralized,Centralized,46962.14769,2.233336374,2,84.65730334,0.143663571,7.245472974,2053.043864,2.331289925,2.561262644,26.62310247,40.7,0,0.30617404,195.751
Senegal,SEN,1,4,433,85.72465948,58.3,45,0,7,2,0,0,1,1.1539,0.1539,6.9255,6.9255,Centripetal,Somewhat centripetal,3361.461548,14.98648114,0,18.23104397,0.076661417,9.17361359,1758.615905,0.266715506,3.65592006,27.90431238,14.6,0,-0.0581013,16.936
Serbia,SRB,6,16,345,933.184889,23.9,38,0,8,1,1,0,2,1.2053,NA,NA,83.8014,Centralized,Centralized,18306.78524,5.954416345,0,33.39169937,0.38241312,10.10867044,2899.767379,5.412056406,16.42557948,11.8593376,50.9,1,0.048476152,97
Seychelles,SYC,1,1,591,-50.51904444,47.1,66,NA,NA,2,0,0,1,1.1924,0.1924,12.6984,12.6984,Centripetal,Somewhat centripetal,27611.11893,2.240600014,0,39.44624722,0.243924818,9.592454435,2171.458674,3.794855595,6.812583578,27.87658858,18.2,0,0.51690197,223.178
Sierra Leone,SLE,1,4,451,-2.356445711,43.5,33,0,7,2,0,0,0,0.9337,-1.0663,-35.1879,-35.1879,Decentralized,Somewhat decentralized,1705.191452,58.15447245,0,9.035485993,0.191729048,11.52945926,1874.501646,0.520837482,3.212303063,26.85602721,31,0,-1.126063585,80.795
Singapore,SGP,4,13,830,84.21016352,30.7,85,0,-2,1,1,0,1,1.3812,NA,NA,NA,Centralized,Centralized,98411.58206,0.032384523,2,40.92667148,0.138735366,4.401070407,1499.898848,2.403144075,10.78977456,27.66299399,47.3,0,2.220709085,254.275
Slovakia,SVK,6,16,317,541.5040456,75.6,49,0,10,3,2,0,2,1.0493,3.0493,149.4157,149.4157,Centripetal,Centripetal,31927.59383,1.667460711,0,37.76063185,0.269759209,10.12065089,1870.031725,5.74224514,13.2714281,8.925124769,62.7,0,0.585226417,132.2
Slovenia,SVN,6,16,349,299.638335,65.1,60,0,10,3,2,0,2,1.0268,3.0268,181.608,181.608,Centripetal,Centripetal,38946.68538,1.956808836,0,34.3414832,0.274186224,9.917487985,1897.022383,4.521214246,17.16708108,10.25340859,72.8,0,1.081090689,144.2
Solomon Islands,SLB,4,14,940,49.35505615,48.5,42,0,8,2,2,1,0,0.8154,-0.1846,-7.7532,-7.7532,Decentralized,Somewhat decentralized,2660.979697,32.671,0,6.517462096,0.358362323,4.898661426,1478.483764,1.528016778,2.871259508,25.09967984,18.9,0,-0.999316156,82.544
Somalia,SOM,1,1,520,183.6368776,9.7,12,1,5,0,NA,NA,NA,0.6916,NA,NA,NA,Anarchic,Anarchic,1186.450871,60.2,0,8.941014913,0.11432648,7.969496497,1518.230562,0.66140044,1.912869482,27.13474585,1.3,0,-2.236428976,54.906
South Africa,ZAF,1,3,560,467.7446871,57.7,44,0,9,2,2,2,2,1.1252,1.1252,49.5088,49.5088,Centripetal,Somewhat centripetal,13709.96637,1.964302458,1,40.92338964,0.225242694,10.66279815,2255.999915,2.475140011,5.082976376,18.59101655,29.2,0,0.367656112,64.157
South Korea,KOR,4,11,732,118.0958051,79.2,61,0,8,3,0,0,2,0.9781,0.9781,59.6641,59.6641,Centripetal,Centripetal,42804.66891,1.667930979,2,48.65780201,0.244974962,3.91615843,2027.25069,8.269276161,12.52571037,12.27170784,62.5,0,1.376087666,265.514
South Sudan,SSD,1,5,626,147.7771222,7,12,1,-77,0,NA,NA,NA,1.1424,NA,NA,NA,Anarchic,Anarchic,NA,10.22011853,0,14.13471903,0.113641017,7.884346323,1568.183912,0.594963423,3.136198514,27.30677921,19.5,0,-2.451946259,20.746
Spain,ESP,6,19,230,332.4489154,80,62,0,10,3,2,2,2,1.1213,1.1213,69.5206,69.5206,Centripetal,Centripetal,40803.62698,2.594635861,0,24.66738093,0.276555309,8.076988279,3081.846585,3.088018357,17.24696113,15.88267505,52.9,0,1.001175284,236.6
Sri Lanka,LKA,4,12,780,216.1251017,37.9,38,0,6,2,1,0,0,1.2688,0.2688,10.2144,10.2144,Centripetal,Somewhat centripetal,13070.12564,7.540588049,0,14.02837004,0.152723659,8.056494566,2330.450772,2.748161725,9.13083638,27.139447,16.1,1,-0.11433927,187.345
Sudan,SDN,1,5,625,243.8031335,8.6,16,0,-4,1,NA,1,NA,1.2367,NA,NA,NA,Centralized,Centralized,4173.566206,20.16401535,0,34.85680552,0.107282448,10.14695164,1862.617485,0.775782123,3.781967552,28.72219626,12.8,0,-1.622058511,31.271
Suriname,SUR,2,8,115,398.6704429,59.5,38,0,5,2,0,0,2,1.1019,1.1019,41.8722,41.8722,Centripetal,Somewhat centripetal,19036.74504,8.664993806,0,37.30103917,0.212665455,5.210292391,1492.655454,3.042817661,7.416287232,26.98708595,21.3,0,-0.590282559,94.538
Sweden,SWE,6,18,380,158.3512503,87.3,85,0,10,3,2,0,2,1.1376,3.1376,266.696,266.696,Centripetal,Centripetal,52850.56918,1.392124832,0,14.32949272,0.133642255,7.673077669,3216.725386,3.306289882,18.83191415,6.772354907,53.5,0,1.709257245,225.8
Switzerland,CHE,6,18,225,221.1242543,84.7,85,0,10,3,2,2,0,0.784,-1.216,-103.36,-103.36,Decentralized,Decentralized,70944.35481,0.630510509,0,26.32708009,0.263349236,5.337316912,2553.088306,4.687170029,16.70747625,8.834119679,50.9,0,1.951758146,193.2
Syria,SYR,5,15,652,61.8068581,3.7,14,1,-9,0,NA,NA,1,1.2155,NA,NA,NA,Anarchic,Anarchic,NA,39.77374428,0,64.47879108,0.227712102,8.106743936,2017.274993,1.589494895,6.38912341,17.88015034,13.4,0,-1.711438417,28.406
Taiwan,TWN,4,11,713,90.12088801,71.8,65,0,10,3,1,0,1,0.861,0.861,55.965,55.965,Centripetal,Centripetal,51260.91,1.680565786,2,44.43489607,0.222043986,4.520736651,1058.632827,6.574157933,14.10974963,21.47218193,48.2,0,1.436420083,270.88
Tajikistan,TJK,4,10,702,185.7360231,4.7,25,0,-3,1,0,0,1,1.1685,NA,NA,NA,Centralized,Centralized,3581.411402,20.86707336,0,39.22140073,0.09036762,8.130989097,1777.958196,4.85786677,2.763443547,12.29317337,24.8,0,-1.04875052,197.9
Tanzania,TZA,1,1,510,111.2035291,32.7,38,0,3,1,0,0,0,0.9605,NA,NA,-39.501,Centralized,Centralized,2660.637422,26.54641517,0,13.92641424,0.101143526,10.15329481,1299.493203,0.854109089,3.230688707,23.45907011,11,0,-0.879344225,60.258
Thailand,THA,4,13,800,207.793632,17.5,36,0,-3,1,2,0,2,1.0668,NA,NA,NA,Centralized,Centralized,18453.46982,8.136939296,1,40.72265375,0.212135076,5.310342392,1968.609041,1.778440145,11.38249953,27.73365505,64.7,0,0.356567055,198.917
Timor-Leste,TLS,4,13,860,79.96011298,46.4,40,0,8,2,1,0,2,1.1067,2.1067,84.268,84.268,Centripetal,Centripetal,3626.673162,13.97259489,0,12.32417617,0.349874322,9.584627833,2492.405847,5.196735409,5.178796116,25.20657975,12.1,0,-0.885854483,152.333
Togo,TGO,1,4,461,59.06103017,20,29,0,-2,1,1,0,2,1.0662,NA,NA,NA,Centralized,Centralized,2121.899918,19.75520676,0,17.11683443,0.077149977,9.444332377,1969.174028,0.830991945,2.789185644,27.76187131,13.8,0,-0.917368412,41.05
Trinidad and Tobago,TTO,2,6,52,370.0313905,64.3,40,0,10,3,2,0,0,1.2417,1.2417,49.668,49.668,Centripetal,Somewhat centripetal,25827.88507,1.159411633,0,45.43348755,0.186146995,8.681133974,1166.94378,2.715650019,11.07297916,26.77037464,33.7,0,0.099170357,113.403
Tunisia,TUN,1,5,616,267.6256911,64.4,44,0,7,3,0,0,2,0.93,0.93,40.92,40.92,Centripetal,Somewhat centripetal,11417.1268,9.639572526,1,60.29466407,0.236520959,6.837537146,2048.547921,2.064854482,8.791348855,19.40942011,13,0,-0.102949157,112.052
Turkey,TUR,6,19,640,430.6114359,11.1,40,0,-4,1,0,0,2,1.1999,NA,NA,NA,Centralized,Centralized,28197.24883,6.400774928,1,66.05177758,0.309789096,7.185641256,3287.117214,2.515683298,7.563226537,13.83532588,53.9,1,0.047889322,165.6
Turkmenistan,TKM,4,10,701,74.1324534,4.2,19,0,-8,1,0,0,0,1.3186,NA,NA,NA,Centralized,Centralized,15538.41997,10.79148506,0,42.8548648,0.125299403,8.980477455,1326.895893,6.481775911,4.193241526,16.18622648,30.6,0,-1.157497048,137.4
Uganda,UGA,1,1,500,112.5681731,23,27,0,-1,1,0,0,0,0.8351,NA,NA,NA,Centralized,Centralized,2182.899761,22.94550881,0,21.2740183,0.09049279,8.418929551,1556.275625,0.654207107,2.191801249,23.21125414,20.4,0,-0.585465789,57.497
Ukraine,UKR,6,17,369,606.7124656,34.8,33,0,4,2,1,0,1,0.8496,0.8496,28.0368,28.0368,Centripetal,Somewhat centripetal,12804.95512,8.965181014,0,38.6748435,0.27398202,11.58291306,1878.684722,8.685411316,12.03016156,9.923128687,49.1,0,-0.297046959,72.4
United Arab Emirates,ARE,5,15,696,127.1177392,9.1,71,0,-8,1,NA,2,NA,0.7714,NA,NA,NA,Centralized,Centralized,68263.67553,0.747177528,1,63.19792486,0.137902396,7.700556382,2926.883297,1.806091847,1.115248043,27.79399245,19.5,0,1.376890659,251.982
United Kingdom,GBR,6,18,200,289.4227817,79.7,77,0,8,3,2,0,0,0.7406,0.7406,57.0262,57.0262,Centripetal,Centripetal,47368.58441,0.611985281,1,26.84369535,0.199393064,6.607413554,3902.149157,3.055022595,16.68384896,10.36745593,68.3,0,1.48273766,222.8
United States,USA,3,9,2,383.5282292,72.8,67,0,8,3,0,2,0,0.6357,-3.3643,-225.4081,-225.4081,Decentralized,Decentralized,62630.87328,0.916865221,1,18.69636445,0.175695167,4.65449298,3668.537088,2.934552921,14.80755926,15.1084134,75.2,1,1.48884511,199.716
Uruguay,URY,2,8,165,208.8527258,79.5,71,0,10,3,0,0,0,1.1515,-0.8485,-60.2435,-60.2435,Decentralized,Decentralized,23032.73404,6.452670203,0,22.93673389,0.26898148,6.812603087,3173.289088,2.382550071,12.62871588,18.23444091,36.3,0,0.694980323,256.104
Uzbekistan,UZB,4,10,704,153.9177016,10.5,26,0,-9,1,NA,0,0,1.144,NA,NA,NA,Centralized,Centralized,7348.146883,24.6144783,0,40.31766545,0.130456836,8.355229014,1562.63862,4.177626778,3.024774684,13.60117507,30.3,0,-0.514126718,219.8
Vanuatu,VUT,4,14,935,-27.83080359,64,43,NA,NA,3,2,0,0,0.7812,0.7812,33.5916,33.5916,Centripetal,Somewhat centripetal,3137.24105,21.219,0,7.857245502,0.219342148,10.71630712,1627.390407,2.956043261,4.612981869,24.11873103,13,0,-0.547638059,95.117
Venezuela,VEN,2,8,101,218.0156074,7.3,15,0,-3,1,0,1,1,1.1915,NA,NA,NA,Centralized,Centralized,NA,5.027,0,35.96513616,0.171037443,8.251826105,2002.998178,1.159755083,7.979140979,24.66591174,18.1,1,-1.658468962,133.145
Vietnam,VNM,4,13,816,240.347516,10.7,36,0,-7,1,NA,0,0,1.2756,NA,NA,NA,Centralized,Centralized,8041.178384,13.95647559,1,32.47898599,0.243495744,7.446411619,2880.704438,2.226334513,5.652301527,25.81754396,24,0,0.038309686,272.932
Yemen,YEM,5,15,679,146.4434648,3.7,15,1,-77,0,NA,NA,NA,1.1473,NA,NA,NA,Anarchic,Anarchic,NA,5.000962233,1,42.44992368,0.201684841,6.460517096,2064.959542,0.796343492,3.115609085,21.71897546,12,0,-2.279255629,4.167
Zambia,ZMB,1,3,551,158.2849217,27,33,0,6,1,0,0,0,1.0572,NA,NA,-31.1124,Centralized,Centralized,3470.435511,2.860774937,0,16.37838887,0.159993534,6.85495771,1650.039995,1.712155229,2.276412141,21.91007731,21.1,0,-0.675578535,74.059
Zimbabwe,ZWE,1,3,552,255.6012147,19.2,24,0,4,1,0,0,1,0.9487,NA,NA,-1.2312,Centralized,Centralized,3630.033985,10.14365709,0,14.61224198,0.175158265,9.492463701,1991.803505,1.749812718,3.219003346,20.8611983,16.8,0,-1.204820395,85.413